12483/matthew-stafford,Sun 11/7,vsTEN,L28-16,31,48,294,64.6,6.1,1,2,26,5,71.0,17.5,2,13,6.5,0,12
12483/matthew-stafford,Sun 10/31,@HOU,W38-22,21,32,305,65.6,9.5,3,0,68,0,127.7,74.2,0,0,0.0,0,0
12483/matthew-stafford,Sun 10/24,vsDET,W28-19,28,41,334,68.3,8.1,3,0,59,1,117.3,84.6,2,-2,-1.0,0,-1
12483/matthew-stafford,Sun 10/17,@NYG,W38-11,22,28,251,78.6,9.0,4,1,30,2,128.7,79.5,2,12,6.0,0,9
12483/matthew-stafford,Thu 10/7,@SEA,W26-17,25,37,365,67.6,9.9,1,1,68,1,97.3,66.6,1,-1,-1.0,0,-1
12483/matthew-stafford,Sun 10/3,vsARI,L37-20,26,41,280,63.4,6.8,2,1,35,0,89.5,53.7,6,21,3.5,0,8
12483/matthew-stafford,Sun 9/26,vsTB,W34-24,27,38,343,71.1,9.0,4,0,75,1,134.0,89.3,2,-2,-1.0,0,-1
12483/matthew-stafford,Sun 9/19,@IND,W27-24,19,30,278,63.3,9.3,2,1,44,1,101.8,63.8,2,1,0.5,0,5
12483/matthew-stafford,Sun 9/12,vsCHI,W34-14,20,26,321,76.9,12.3,3,0,67,1,156.1,91.4,5,-5,-1.0,0,1
2330/tom-brady,Sun 11/14,@WSH,L29-19,23,34,220,67.7,6.5,2,2,40,0,80.5,-,1,2,2.0,0,2
2330/tom-brady,Sun 10/31,@NO,L36-27,28,40,375,70.0,9.4,4,2,50,3,112.0,56.1,1,2,2.0,0,2
2330/tom-brady,Sun 10/24,vsCHI,W38-3,20,36,211,55.6,5.9,4,0,46,0,109.8,91.7,0,0,0.0,0,0
2330/tom-brady,Thu 10/14,@PHI,W28-22,34,42,297,81.0,7.1,2,1,27,0,102.1,61.9,4,1,0.3,0,3
2330/tom-brady,Sun 10/10,vsMIA,W45-17,30,41,411,73.2,10.0,5,0,62,2,144.4,83.5,1,13,13.0,0,13
2330/tom-brady,Sun 10/3,@NE,W19-17,22,43,269,51.2,6.3,0,0,28,1,70.8,58.4,4,3,0.8,0,6
2330/tom-brady,Sun 9/26,@LAR,L34-24,41,55,432,74.6,7.9,1,0,32,3,103.0,65.2,3,14,4.7,1,9
2330/tom-brady,Sun 9/19,vsATL,W48-25,24,36,276,66.7,7.7,5,0,26,3,129.2,60.0,1,6,6.0,0,6
2330/tom-brady,Thu 9/9,vsDAL,W31-29,32,50,379,64.0,7.6,4,2,47,0,97.0,74.9,0,0,0.0,0,0
16757/derek-carr,Sun 11/7,@NYG,L23-16,30,46,296,65.2,6.4,1,2,24,1,72.4,23.7,2,5,2.5,0,4
16757/derek-carr,Sun 10/24,vsPHI,W33-22,31,34,323,91.2,9.5,2,1,43,0,113.6,72.9,2,1,0.5,0,2
16757/derek-carr,Sun 10/17,@DEN,W34-24,18,27,341,66.7,12.6,2,0,51,2,134.4,86.8,2,-1,-0.5,0,0
16757/derek-carr,Sun 10/10,vsCHI,L20-9,22,35,206,62.9,5.9,0,1,29,3,67.1,21.9,3,10,3.3,0,8
16757/derek-carr,Mon 10/4,@LAC,L28-14,21,34,196,61.8,5.8,2,1,51,4,84.9,49.7,3,6,2.0,0,3
16757/derek-carr,Sun 9/26,vsMIA,W31-28 OT,26,43,386,60.5,9.0,2,1,34,3,95.7,55.9,2,-2,-1.0,0,-1
16757/derek-carr,Sun 9/19,@PIT,W26-17,28,37,382,75.7,10.3,2,0,61,2,126.2,80.4,4,9,2.3,0,5
16757/derek-carr,Mon 9/13,vsBAL,W33-27 OT,34,56,435,60.7,7.8,2,1,37,3,89.5,55.4,4,6,1.5,0,4
3139477/patrick-mahomes,Sun 11/7,vsGB,W13-7,20,37,166,54.1,4.5,1,0,25,1,74.8,43.5,2,-2,-1.0,0,-1
3139477/patrick-mahomes,Mon 11/1,vsNYG,W20-17,29,48,275,60.4,5.7,1,1,24,2,74.6,20.3,3,10,3.3,0,6
3139477/patrick-mahomes,Sun 10/24,@TEN,L27-3,20,35,206,57.1,5.9,0,1,25,4,62.3,7.6,6,35,5.8,0,13
3139477/patrick-mahomes,Sun 10/17,@WSH,W31-13,32,47,397,68.1,8.4,2,2,49,3,90.5,49.1,3,31,10.3,0,17
3139477/patrick-mahomes,Sun 10/10,vsBUF,L38-20,33,54,272,61.1,5.0,2,2,26,2,70.9,43.4,8,61,7.6,0,23
3139477/patrick-mahomes,Sun 10/3,@PHI,W42-30,24,30,278,80.0,9.3,5,1,44,1,131.0,89.3,5,26,5.2,0,12
3139477/patrick-mahomes,Sun 9/26,vsLAC,L30-24,27,44,260,61.4,5.9,3,2,28,2,81.6,58.0,4,45,11.3,0,21
3139477/patrick-mahomes,Sun 9/19,@BAL,L36-35,24,31,343,77.4,11.1,3,1,46,0,131.5,76.6,1,3,3.0,0,3
3139477/patrick-mahomes,Sun 9/12,vsCLE,W33-29,27,36,337,75.0,9.4,3,0,75,2,131.4,88.2,5,18,3.6,1,8
3915511/joe-burrow,Sun 11/7,vsCLE,L41-16,28,40,282,70.0,7.1,0,2,20,5,69.0,16.4,2,1,0.5,0,1
3915511/joe-burrow,Sun 10/31,@NYJ,L34-31,21,34,259,61.8,7.6,3,1,54,3,102.5,32.8,1,-1,-1.0,0,-1
3915511/joe-burrow,Sun 10/24,@BAL,W41-17,23,38,416,60.5,10.9,3,1,82,1,113.5,80.3,1,0,0.0,0,0
3915511/joe-burrow,Sun 10/17,@DET,W34-11,19,29,271,65.5,9.3,3,1,53,2,115.7,53.2,5,20,4.0,0,6
3915511/joe-burrow,Sun 10/10,vsGB,L25-22 OT,26,38,281,68.4,7.4,2,2,70,3,85.5,54.8,3,11,3.7,0,9
3915511/joe-burrow,Thu 9/30,vsJAX,W24-21,25,32,348,78.1,10.9,2,0,44,1,132.8,67.3,3,4,1.3,0,4
3915511/joe-burrow,Sun 9/26,@PIT,W24-10,14,18,172,77.8,9.6,3,1,34,0,122.9,69.6,5,7,1.4,0,8
3915511/joe-burrow,Sun 9/19,@CHI,L20-17,19,30,207,63.3,6.9,2,3,42,5,66.2,15.9,0,0,0.0,0,0
3915511/joe-burrow,Sun 9/12,vsMIN,W27-24 OT,20,27,261,74.1,9.7,2,0,50,5,128.8,66.1,1,2,2.0,0,2
3916387/lamar-jackson,Thu 11/11,@MIA,L22-10,26,43,238,60.5,5.5,1,1,30,4,73.6,32.9,9,39,4.3,0,11
3916387/lamar-jackson,Sun 11/7,vsMIN,W34-31 OT,27,41,266,65.9,6.5,3,2,22,3,88.0,48.4,21,120,5.7,0,12
3916387/lamar-jackson,Sun 10/24,vsCIN,L41-17,15,31,257,48.4,8.3,1,0,39,5,87.7,44.8,12,88,7.3,0,16
3916387/lamar-jackson,Sun 10/17,vsLAC,W34-6,19,27,167,70.4,6.2,1,2,21,3,68.0,55.7,8,51,6.4,0,22
3916387/lamar-jackson,Mon 10/11,vsIND,W31-25 OT,37,43,442,86.1,10.3,4,0,43,2,140.5,77.4,14,62,4.4,0,13
3916387/lamar-jackson,Sun 10/3,@DEN,W23-7,22,37,316,59.5,8.5,1,0,49,3,96.2,72.4,7,28,4.0,0,7
3916387/lamar-jackson,Sun 9/26,@DET,W19-17,16,31,287,51.6,9.3,1,1,41,4,81.0,39.2,7,58,8.3,0,31
3916387/lamar-jackson,Sun 9/19,vsKC,W36-35,18,26,239,69.2,9.2,1,2,42,1,78.9,55.5,16,107,6.7,2,21
3916387/lamar-jackson,Mon 9/13,@LV,L33-27 OT,19,30,235,63.3,7.8,1,0,49,3,98.6,60.7,12,86,7.2,0,28
4038941/justin-herbert,Sun 11/7,@PHI,W27-24,32,38,356,84.2,9.4,2,0,49,0,123.2,93.1,5,14,2.8,1,8
4038941/justin-herbert,Sun 10/31,vsNE,L27-24,18,35,223,51.4,6.4,2,2,41,3,66.7,18.0,2,9,4.5,0,10
4038941/justin-herbert,Sun 10/17,@BAL,L34-6,22,39,195,56.4,5.0,1,1,26,2,67.8,16.9,2,12,6.0,0,10
4038941/justin-herbert,Sun 10/10,vsCLE,W47-42,26,43,398,60.5,9.3,4,0,72,2,122.0,86.6,4,29,7.3,1,11
4038941/justin-herbert,Mon 10/4,vsLV,W28-14,25,38,222,65.8,5.8,3,0,34,2,107.6,78.5,3,4,1.3,0,6
4038941/justin-herbert,Sun 9/26,@KC,W30-24,26,38,281,68.4,7.4,4,0,43,1,125.0,77.3,4,16,4.0,0,9
4038941/justin-herbert,Sun 9/19,vsDAL,L20-17,31,41,338,75.6,8.2,1,2,42,2,87.2,43.3,4,12,3.0,0,5
4038941/justin-herbert,Sun 9/12,@WSH,W20-16,31,47,337,66.0,7.2,1,1,23,2,85.1,44.4,4,-1,-0.3,0,2
3917315/kyler-murray,Thu 10/28,vsGB,L24-21,22,33,274,66.7,8.3,0,2,55,2,67.0,48.9,6,21,3.5,0,9
3917315/kyler-murray,Sun 10/24,vsHOU,W31-5,20,28,261,71.4,9.3,3,1,47,4,121.3,46.2,6,10,1.7,0,7
3917315/kyler-murray,Sun 10/17,@CLE,W37-14,20,30,229,66.7,7.6,4,0,34,2,129.0,65.7,7,6,0.9,0,4
3917315/kyler-murray,Sun 10/10,vsSF,W17-10,22,31,239,71.0,7.7,1,0,33,2,104.1,25.7,7,1,0.1,0,10
3917315/kyler-murray,Sun 10/3,@LAR,W37-20,24,32,268,75.0,8.4,2,0,41,3,120.3,84.2,6,39,6.5,0,18
3917315/kyler-murray,Sun 9/26,@JAX,W31-19,28,34,316,82.4,9.3,0,1,36,0,93.1,59.2,7,19,2.7,1,9
3917315/kyler-murray,Sun 9/19,vsMIN,W34-33,29,36,400,80.6,11.1,3,2,77,3,117.6,75.6,5,31,6.2,1,12
3917315/kyler-murray,Sun 9/12,@TEN,W38-13,21,32,289,65.6,9.0,4,1,38,2,120.9,84.5,5,20,4.0,1,8
3918298/josh-allen,Sun 11/14,@NYJ,W45-17,21,28,366,75.0,13.1,2,1,57,2,125.6,-,2,3,1.5,0,4
3918298/josh-allen,Sun 11/7,@JAX,L9-6,31,47,264,66.0,5.6,0,2,28,4,62.7,25.8,5,50,10.0,0,22
3918298/josh-allen,Sun 10/31,vsMIA,W26-11,29,42,249,69.1,5.9,2,0,20,0,100.2,51.0,8,55,6.9,1,34
3918298/josh-allen,Mon 10/18,@TEN,L34-31,35,47,353,74.5,7.5,3,1,31,3,107.8,67.2,9,26,2.9,0,7
3918298/josh-allen,Sun 10/10,@KC,W38-20,15,26,315,57.7,12.1,3,0,61,0,139.1,92.6,11,59,5.4,1,22
3918298/josh-allen,Sun 10/3,vsHOU,W40-0,20,30,248,66.7,8.3,2,1,37,1,100.4,51.0,6,41,6.8,0,16
3918298/josh-allen,Sun 9/26,vsWSH,W43-21,32,43,358,74.4,8.3,4,0,41,0,129.8,80.8,4,9,2.3,1,4
3918298/josh-allen,Sun 9/19,@MIA,W35-0,17,33,179,51.5,5.4,2,1,41,1,75.2,61.2,5,35,7.0,0,15
3918298/josh-allen,Sun 9/12,vsPIT,L23-16,30,51,270,58.8,5.3,1,0,37,3,79.7,37.9,9,44,4.9,0,11
2573079/carson-wentz,Sun 11/14,vsJAX,W23-17,22,34,180,64.7,5.3,0,0,27,1,78.1,-,4,-1,-0.3,0,2
2573079/carson-wentz,Thu 11/4,vsNYJ,W45-30,22,30,272,73.3,9.1,3,0,31,1,134.3,91.7,4,13,3.3,0,9
2573079/carson-wentz,Sun 10/31,vsTEN,L34-31 OT,27,51,231,52.9,4.5,3,2,38,1,68.3,33.8,3,11,3.7,0,6
2573079/carson-wentz,Sun 10/24,@SF,W30-18,17,26,150,65.4,5.8,2,0,57,1,106.2,80.7,4,23,5.8,1,17
2573079/carson-wentz,Sun 10/17,vsHOU,W31-3,11,20,223,55.0,11.2,2,0,52,2,127.7,61.5,2,1,0.5,0,2
2573079/carson-wentz,Mon 10/11,@BAL,L31-25 OT,25,35,402,71.4,11.5,2,0,76,2,128.5,63.0,2,5,2.5,0,4
2573079/carson-wentz,Sun 10/3,@MIA,W27-17,24,32,228,75.0,7.1,2,0,41,2,115.1,83.0,5,8,1.6,0,10
2573079/carson-wentz,Sun 9/26,@TEN,L25-16,19,37,194,51.4,5.2,0,0,36,2,66.7,47.0,0,0,0.0,0,0
2573079/carson-wentz,Sun 9/19,vsLAR,L27-24,20,31,247,64.5,8.0,1,1,42,3,86.3,59.3,5,37,7.4,0,14
2573079/carson-wentz,Sun 9/12,vsSEA,L28-16,25,38,251,65.8,6.6,2,0,24,3,102.0,25.2,4,23,5.8,0,8
16728/teddy-bridgewater,Sun 11/7,@DAL,W30-16,19,28,249,67.9,8.9,1,0,44,4,107.6,64.7,3,-1,-0.3,1,1
16728/teddy-bridgewater,Sun 10/31,vsWSH,W17-10,19,26,213,73.1,8.2,1,0,31,4,109.9,30.1,1,1,1.0,0,1
16728/teddy-bridgewater,Thu 10/21,@CLE,L17-14,23,33,187,69.7,5.7,2,1,31,2,91.4,37.4,2,3,1.5,0,2
16728/teddy-bridgewater,Sun 10/17,vsLV,L34-24,35,49,334,71.4,6.8,3,3,26,5,84.9,31.2,2,9,4.5,0,5
16728/teddy-bridgewater,Sun 10/10,@PIT,L27-19,24,38,288,63.2,7.6,2,1,39,2,92.9,41.8,1,11,11.0,0,11
16728/teddy-bridgewater,Sun 10/3,vsBAL,L23-7,7,16,65,43.8,4.1,1,0,19,2,76.3,8.6,1,2,2.0,0,2
16728/teddy-bridgewater,Sun 9/26,vsNYJ,W26-0,19,25,235,76.0,9.4,0,0,31,2,104.6,56.3,4,24,6.0,0,13
16728/teddy-bridgewater,Sun 9/19,@JAX,W23-13,26,34,328,76.5,9.6,2,0,55,3,125.6,50.6,4,1,0.3,0,2
16728/teddy-bridgewater,Sun 9/12,@NYG,W27-13,28,36,264,77.8,7.3,2,0,25,2,115.7,95.3,3,19,6.3,0,8
11237/matt-ryan,Sun 11/14,@DAL,L43-3,9,21,117,42.9,5.6,0,2,21,2,21.4,-,0,0,0.0,0,0
11237/matt-ryan,Sun 11/7,@NO,W27-25,23,30,343,76.7,11.4,2,0,64,2,135.8,93.7,5,8,1.6,1,5
11237/matt-ryan,Sun 10/31,vsCAR,L19-13,20,27,146,74.1,5.4,1,2,18,3,67.8,35.4,2,3,1.5,0,3
11237/matt-ryan,Sun 10/24,@MIA,W30-28,25,40,336,62.5,8.4,2,1,49,1,95.4,53.9,3,0,0.0,0,2
11237/matt-ryan,Sun 10/10,vsNYJ,W27-20,33,45,342,73.3,7.6,2,0,39,0,109.7,86.7,1,-1,-1.0,0,-1
11237/matt-ryan,Sun 10/3,vsWSH,L34-30,25,42,283,59.5,6.7,4,0,42,1,111.5,64.1,1,17,17.0,0,17
11237/matt-ryan,Sun 9/26,@NYG,W17-14,27,36,243,75.0,6.8,2,0,28,3,111.2,60.4,1,-1,-1.0,0,-1
11237/matt-ryan,Sun 9/19,@TB,L48-25,35,46,300,76.1,6.5,2,3,24,1,80.0,31.5,2,3,1.5,0,3
11237/matt-ryan,Sun 9/12,vsPHI,L32-6,21,35,164,60.0,4.7,0,0,18,3,71.6,15.9,2,8,4.0,0,8
14876/ryan-tannehill,Sun 11/14,vsNO,W23-21,19,27,213,70.4,7.9,1,0,50,2,105.9,-,5,1,0.2,1,2
14876/ryan-tannehill,Sun 11/7,@LAR,W28-16,19,27,143,70.4,5.3,1,1,16,3,79.7,62.6,2,3,1.5,1,2
14876/ryan-tannehill,Sun 10/31,@IND,W34-31 OT,23,33,265,69.7,8.0,3,2,57,3,98.7,61.4,2,26,13.0,0,13
14876/ryan-tannehill,Sun 10/24,vsKC,W27-3,21,27,270,77.8,10.0,1,1,46,1,105.3,89.0,2,6,3.0,1,4
14876/ryan-tannehill,Mon 10/18,vsBUF,W34-31,18,29,216,62.1,7.4,0,1,48,0,70.5,68.1,2,3,1.5,1,4
14876/ryan-tannehill,Sun 10/10,@JAX,W37-19,14,22,197,63.6,9.0,1,0,26,3,107.6,72.3,3,21,7.0,0,8
14876/ryan-tannehill,Sun 10/3,@NYJ,L27-24 OT,30,49,298,61.2,6.1,1,0,27,7,85.2,35.6,3,9,3.0,0,7
14876/ryan-tannehill,Sun 9/26,vsIND,W25-16,18,27,197,66.7,7.3,3,2,26,1,94.2,86.0,5,56,11.2,0,28
14876/ryan-tannehill,Sun 9/19,@SEA,W33-30 OT,27,40,347,67.5,8.7,0,0,51,3,94.5,65.9,4,27,6.8,0,19
14876/ryan-tannehill,Sun 9/12,vsARI,L38-13,21,35,212,60.0,6.1,1,1,39,6,74.9,25.4,2,17,8.5,1,16
14880/kirk-cousins,Sun 11/7,@BAL,L34-31 OT,17,28,187,60.7,6.7,2,0,50,0,104.3,74.0,1,1,1.0,1,1
14880/kirk-cousins,Sun 10/31,vsDAL,L20-16,23,35,184,65.7,5.3,1,0,32,1,88.3,35.7,3,18,6.0,0,13
14880/kirk-cousins,Sun 10/17,@CAR,W34-28 OT,33,48,373,68.8,7.8,3,0,40,0,112.6,63.7,2,16,8.0,0,16
14880/kirk-cousins,Sun 10/10,vsDET,W19-17,25,34,275,73.5,8.1,1,1,37,2,94.6,21.0,1,4,4.0,0,4
14880/kirk-cousins,Sun 10/3,vsCLE,L14-7,20,38,203,52.6,5.3,1,1,31,2,66.0,8.3,2,0,0.0,0,1
14880/kirk-cousins,Sun 9/26,vsSEA,W30-17,30,38,323,79.0,8.5,3,0,28,1,128.4,94.4,1,2,2.0,0,2
14880/kirk-cousins,Sun 9/19,@ARI,L34-33,22,32,244,68.8,7.6,3,0,64,1,122.4,85.5,2,35,17.5,0,29
14880/kirk-cousins,Sun 9/12,@CIN,L27-24 OT,36,49,351,73.5,7.2,2,0,34,3,106.8,51.8,0,0,0.0,0,0
4241464/mac-jones,Sun 11/14,vsCLE,W45-7,19,23,198,82.6,8.6,3,0,26,2,142.1,-,0,0,0.0,0,0
4241464/mac-jones,Sun 11/7,@CAR,W24-6,12,18,139,66.7,7.7,1,1,41,2,85.2,27.1,2,4,2.0,0,2
4241464/mac-jones,Sun 10/31,@LAC,W27-24,18,35,217,51.4,6.2,0,0,44,1,70.8,47.0,4,10,2.5,0,6
4241464/mac-jones,Sun 10/24,vsNYJ,W54-13,24,36,307,66.7,8.5,2,0,46,1,111.7,66.1,3,19,6.3,0,13
4241464/mac-jones,Sun 10/17,vsDAL,L35-29 OT,15,21,229,71.4,10.9,2,1,75,2,119.0,46.8,2,-4,-2.0,0,-2
4241464/mac-jones,Sun 10/10,@HOU,W25-22,23,30,231,76.7,7.7,1,1,24,1,95.3,63.6,1,3,3.0,0,3
4241464/mac-jones,Sun 10/3,vsTB,L19-17,31,40,275,77.5,6.9,2,1,21,4,101.6,45.3,1,-1,-1.0,0,-1
4241464/mac-jones,Sun 9/26,vsNO,L28-13,30,51,270,58.8,5.3,1,3,31,2,55.2,43.5,6,28,4.7,0,12
4241464/mac-jones,Sun 9/19,@NYJ,W25-6,22,30,186,73.3,6.2,0,0,32,3,89.0,25.4,0,0,0.0,0,0
4241464/mac-jones,Sun 9/12,vsMIA,L17-16,29,39,281,74.4,7.2,1,0,26,1,102.6,70.0,0,0,0.0,0,0
3917792/daniel-jones,Sun 11/7,vsLV,W23-16,15,20,110,75.0,5.5,1,0,30,2,104.2,48.5,4,17,4.3,0,8
3917792/daniel-jones,Mon 11/1,@KC,L20-17,22,32,222,68.8,6.9,2,1,50,3,96.1,33.9,5,12,2.4,0,6
3917792/daniel-jones,Sun 10/24,vsCAR,W25-3,23,33,203,69.7,6.2,1,0,27,2,95.9,44.6,8,28,3.5,0,14
3917792/daniel-jones,Sun 10/17,vsLAR,L38-11,29,51,242,56.9,4.7,0,3,17,4,44.7,6.8,3,4,1.3,0,2
3917792/daniel-jones,Sun 10/10,@DAL,L44-20,5,13,98,38.5,7.5,0,0,38,0,65.5,60.6,3,9,3.0,0,6
3917792/daniel-jones,Sun 10/3,@NO,W27-21 OT,28,40,402,70.0,10.1,2,1,54,0,108.5,68.1,4,27,6.8,0,20
3917792/daniel-jones,Sun 9/26,vsATL,L17-14,24,35,266,68.6,7.6,0,0,38,2,90.9,50.9,8,39,4.9,0,12
3917792/daniel-jones,Thu 9/16,@WSH,L30-29,22,32,249,68.8,7.8,1,0,33,4,102.2,60.6,9,95,10.6,1,46
3917792/daniel-jones,Sun 9/12,vsDEN,L27-13,22,37,267,59.5,7.2,1,0,42,2,90.7,56.1,6,27,4.5,1,8
2577417/dak-prescott,Sun 11/14,vsATL,W43-3,24,31,296,77.4,9.5,2,0,37,0,127.9,-,2,5,2.5,1,4
2577417/dak-prescott,Sun 11/7,vsDEN,L30-16,19,39,232,48.7,5.9,2,1,32,2,73.9,24.0,2,16,8.0,0,9
2577417/dak-prescott,Sun 10/17,@NE,W35-29 OT,36,51,445,70.6,8.7,3,1,35,0,108.7,60.3,3,10,3.3,0,10
2577417/dak-prescott,Sun 10/10,vsNYG,W44-20,22,32,302,68.8,9.4,3,1,49,2,116.9,52.3,2,6,3.0,0,6
2577417/dak-prescott,Sun 10/3,vsCAR,W36-28,14,22,188,63.6,8.5,4,0,35,0,130.3,89.2,4,35,8.8,0,21
2577417/dak-prescott,Mon 9/27,vsPHI,W41-21,21,26,238,80.8,9.2,3,0,44,4,143.3,27.5,9,6,0.7,0,5
2577417/dak-prescott,Sun 9/19,@LAC,W20-17,23,27,237,85.2,8.8,0,1,48,2,87.8,33.5,0,0,0.0,0,0
2577417/dak-prescott,Thu 9/9,@TB,L31-29,42,58,403,72.4,6.9,3,1,31,1,101.4,64.3,4,13,3.3,0,7
3046779/jared-goff,Sun 11/14,@PIT,T16-16 OT,14,25,114,56.0,4.6,0,0,30,4,67.8,-,0,0,0.0,0,0
3046779/jared-goff,Sun 10/31,vsPHI,L44-6,25,34,222,73.5,6.5,0,0,34,5,90.6,13.1,0,0,0.0,0,0
3046779/jared-goff,Sun 10/24,@LAR,L28-19,22,36,268,61.1,7.4,1,2,63,2,70.1,40.6,1,3,3.0,0,3
3046779/jared-goff,Sun 10/17,vsCIN,L34-11,28,42,202,66.7,4.8,0,1,33,1,67.8,12.8,1,1,1.0,0,1
3046779/jared-goff,Sun 10/10,@MIN,L19-17,21,35,203,60.0,5.8,0,1,21,4,64.3,22.3,0,0,0.0,0,0
3046779/jared-goff,Sun 10/3,@CHI,L24-14,24,38,299,63.2,7.9,2,0,33,4,105.0,30.6,3,8,2.7,0,6
3046779/jared-goff,Sun 9/26,vsBAL,L19-17,22,30,217,73.3,7.2,0,0,24,2,93.3,45.5,1,4,4.0,0,4
3046779/jared-goff,Mon 9/20,@GB,L35-17,26,36,246,72.2,6.8,2,1,46,1,97.7,57.2,4,46,11.5,0,26
3046779/jared-goff,Sun 9/12,vsSF,L41-33,38,57,338,66.7,5.9,3,1,43,3,92.6,23.1,3,14,4.7,0,10
5536/ben-roethlisberger,Mon 11/8,vsCHI,W29-27,21,30,205,70.0,6.8,2,0,42,4,111.1,47.6,2,0,0.0,0,1
5536/ben-roethlisberger,Sun 10/31,@CLE,W15-10,22,34,266,64.7,7.8,1,0,50,2,98.4,39.9,1,0,0.0,0,0
5536/ben-roethlisberger,Sun 10/17,vsSEA,W23-20 OT,29,40,229,72.5,5.7,1,0,23,1,94.7,40.0,2,-3,-1.5,0,0
5536/ben-roethlisberger,Sun 10/10,vsDEN,W27-19,15,25,253,60.0,10.1,2,0,59,1,120.9,76.1,1,-1,-1.0,0,-1
5536/ben-roethlisberger,Sun 10/3,@GB,L27-17,26,40,232,65.0,5.8,1,1,45,2,78.3,43.7,0,0,0.0,0,0
5536/ben-roethlisberger,Sun 9/26,vsCIN,L24-10,38,58,318,65.5,5.5,1,2,29,4,70.9,34.2,1,5,5.0,0,5
5536/ben-roethlisberger,Sun 9/19,vsLV,L26-17,27,40,295,67.5,7.4,1,1,52,2,87.0,29.7,0,0,0.0,0,0
5536/ben-roethlisberger,Sun 9/12,@BUF,W23-16,18,32,188,56.3,5.9,1,0,24,2,83.9,41.4,4,5,1.3,0,8
3912547/sam-darnold,Sun 11/7,vsNE,L24-6,16,33,172,48.5,5.2,0,3,33,1,26.3,3.0,3,9,3.0,0,4
3912547/sam-darnold,Sun 10/31,@ATL,W19-13,13,24,129,54.2,5.4,0,0,23,0,69.6,59.3,8,66,8.3,0,20
3912547/sam-darnold,Sun 10/24,@NYG,L25-3,16,25,112,64.0,4.5,0,1,21,3,57.4,13.3,0,0,0.0,0,0
3912547/sam-darnold,Sun 10/17,vsMIN,L34-28 OT,17,41,207,41.5,5.0,1,1,41,4,55.6,32.5,4,48,12.0,0,30
3912547/sam-darnold,Sun 10/10,vsPHI,L21-18,21,37,177,56.8,4.8,1,3,25,3,44.5,13.0,2,10,5.0,0,5
3912547/sam-darnold,Sun 10/3,@DAL,L36-28,26,39,301,66.7,7.7,2,2,55,5,85.5,53.7,6,35,5.8,2,14
3912547/sam-darnold,Thu 9/23,@HOU,W24-9,23,34,304,67.7,8.9,0,0,30,3,95.7,60.1,8,11,1.4,2,5
3912547/sam-darnold,Sun 9/19,vsNO,W26-7,26,38,305,68.4,8.0,2,1,32,2,99.1,76.2,1,7,7.0,0,7
3912547/sam-darnold,Sun 9/12,vsNYJ,W19-14,24,35,279,68.6,8.0,1,0,57,1,102.0,47.1,5,-1,-0.2,1,5
4040715/jalen-hurts,Sun 11/7,vsLAC,L27-24,11,17,162,64.7,9.5,1,0,28,1,115.3,91.8,10,62,6.2,0,12
4040715/jalen-hurts,Sun 10/31,@DET,W44-6,9,14,103,64.3,7.4,0,0,19,0,86.3,93.5,7,71,10.1,0,21
4040715/jalen-hurts,Sun 10/24,@LV,L33-22,18,34,236,52.9,6.9,2,0,27,2,94.7,58.6,13,61,4.7,0,16
4040715/jalen-hurts,Thu 10/14,vsTB,L28-22,12,26,115,46.2,4.4,1,1,25,2,55.7,38.0,10,44,4.4,2,11
4040715/jalen-hurts,Sun 10/10,@CAR,W21-18,22,37,198,59.5,5.4,0,1,53,2,62.7,30.5,9,30,3.3,2,14
4040715/jalen-hurts,Sun 10/3,vsKC,L42-30,32,48,387,66.7,8.1,2,0,37,3,105.1,38.3,8,47,5.9,0,12
4040715/jalen-hurts,Mon 9/27,@DAL,L41-21,25,39,326,64.1,8.4,2,2,41,2,86.0,10.1,9,35,3.9,0,9
4040715/jalen-hurts,Sun 9/19,vsSF,L17-11,12,23,190,52.2,8.3,0,0,91,2,80.0,49.5,10,82,8.2,1,27
4040715/jalen-hurts,Sun 9/12,@ATL,W32-6,27,35,264,77.1,7.5,3,0,28,1,126.4,65.7,7,62,8.9,0,14
2565969/taylor-heinicke,Sun 11/14,vsTB,W29-19,26,32,256,81.3,8.0,1,0,22,5,110.4,-,3,15,5.0,0,10
2565969/taylor-heinicke,Sun 10/31,@DEN,L17-10,24,39,270,61.5,6.9,1,2,27,5,69.4,30.1,1,10,10.0,0,10
2565969/taylor-heinicke,Sun 10/24,@GB,L24-10,25,37,268,67.6,7.2,1,1,40,4,86.3,31.0,10,95,9.5,0,38
2565969/taylor-heinicke,Sun 10/17,vsKC,L31-13,24,39,182,61.5,4.7,1,1,39,0,70.7,29.3,0,0,0.0,0,0
2565969/taylor-heinicke,Sun 10/10,vsNO,L33-22,20,41,248,48.8,6.0,0,2,27,2,47.6,20.4,5,40,8.0,0,16
2565969/taylor-heinicke,Sun 10/3,@ATL,W34-30,23,33,290,69.7,8.8,3,0,33,1,127.1,86.5,5,43,8.6,0,20
2565969/taylor-heinicke,Sun 9/26,@BUF,L43-21,14,24,212,58.3,8.8,2,2,73,1,80.6,51.0,8,21,2.6,1,7
2565969/taylor-heinicke,Thu 9/16,vsNYG,W30-29,34,46,336,73.9,7.3,2,1,56,1,99.6,44.1,4,6,1.5,0,2
2565969/taylor-heinicke,Sun 9/12,vsLAC,L20-16,11,15,122,73.3,8.1,1,0,34,0,119.3,64.4,3,17,5.7,0,9
3052587/baker-mayfield,Sun 11/14,@NE,L45-7,11,21,73,52.4,3.5,1,1,13,2,56.3,-,0,0,0.0,0,0
3052587/baker-mayfield,Sun 11/7,@CIN,W41-16,14,21,218,66.7,10.4,2,0,60,2,132.6,82.7,0,0,0.0,0,0
3052587/baker-mayfield,Sun 10/31,vsPIT,L15-10,20,31,225,64.5,7.3,0,0,24,4,86.1,52.6,1,5,5.0,0,5
3052587/baker-mayfield,Sun 10/17,vsARI,L37-14,19,28,234,67.9,8.4,2,1,57,5,102.4,32.2,3,8,2.7,0,4
3052587/baker-mayfield,Sun 10/10,@LAC,L47-42,23,32,305,71.9,9.5,2,0,71,1,122.5,46.7,2,8,4.0,0,7
3052587/baker-mayfield,Sun 10/3,@MIN,W14-7,15,33,155,45.5,4.7,0,0,24,3,59.5,18.3,2,11,5.5,0,6
3052587/baker-mayfield,Sun 9/26,vsCHI,W26-6,19,31,246,61.3,7.9,1,0,26,5,97.0,40.6,4,31,7.8,0,12
3052587/baker-mayfield,Sun 9/19,vsHOU,W31-21,19,21,213,90.5,10.1,1,1,33,2,105.0,49.5,8,10,1.3,1,5
3052587/baker-mayfield,Sun 9/12,@KC,L33-29,21,28,321,75.0,11.5,0,1,45,2,97.5,60.1,1,7,7.0,0,7
8439/aaron-rodgers,Thu 10/28,@ARI,W24-21,22,37,184,59.5,5.0,2,0,33,1,90.4,75.2,2,3,1.5,0,4
8439/aaron-rodgers,Sun 10/24,vsWSH,W24-10,27,35,274,77.1,7.8,3,0,26,3,127.6,76.5,2,17,8.5,0,15
8439/aaron-rodgers,Sun 10/17,@CHI,W24-14,17,23,195,73.9,8.5,2,0,41,3,128.0,76.7,7,19,2.7,1,16
8439/aaron-rodgers,Sun 10/10,@CIN,W25-22 OT,27,39,344,69.2,8.8,2,1,59,2,103.0,70.5,0,0,0.0,0,0
8439/aaron-rodgers,Sun 10/3,vsPIT,W27-17,20,36,248,55.6,6.9,2,0,28,3,95.6,51.7,3,2,0.7,1,4
8439/aaron-rodgers,Sun 9/26,@SF,W30-28,23,33,261,69.7,7.9,2,0,47,1,113.3,71.9,0,0,0.0,0,0
8439/aaron-rodgers,Mon 9/20,vsDET,W35-17,22,27,255,81.5,9.4,4,0,50,3,145.6,71.2,4,6,1.5,0,5
8439/aaron-rodgers,Sun 9/12,@NO,L38-3,15,28,133,53.6,4.8,0,2,31,1,36.8,12.7,0,0,0.0,0,0
4360310/trevor-lawrence,Sun 11/14,@IND,L23-17,16,35,162,45.7,4.6,0,0,24,3,59.5,-,5,33,6.6,0,12
4360310/trevor-lawrence,Sun 11/7,vsBUF,W9-6,15,26,118,57.7,4.5,0,0,23,2,69.1,37.1,3,4,1.3,0,3
4360310/trevor-lawrence,Sun 10/31,@SEA,L31-7,32,54,238,59.3,4.4,1,1,17,1,68.3,11.4,3,11,3.7,0,8
4360310/trevor-lawrence,Sun 10/17,vsMIA,W23-20,25,41,319,61.0,7.8,1,0,29,2,93.4,59.3,2,11,5.5,0,12
4360310/trevor-lawrence,Sun 10/10,vsTEN,L37-19,23,33,273,69.7,8.3,1,1,58,2,92.1,36.6,7,28,4.0,1,8
4360310/trevor-lawrence,Thu 9/30,@CIN,L24-21,17,24,204,70.8,8.5,0,0,52,1,96.5,81.9,8,36,4.5,1,11
4360310/trevor-lawrence,Sun 9/26,vsARI,L31-19,22,34,219,64.7,6.4,1,2,25,3,68.1,22.0,6,27,4.5,0,10
4360310/trevor-lawrence,Sun 9/19,vsDEN,L23-13,14,33,118,42.4,3.6,1,2,25,1,37.2,29.0,2,21,10.5,0,11
4360310/trevor-lawrence,Sun 9/12,@HOU,L37-21,28,51,332,54.9,6.5,3,3,41,1,70.1,15.8,1,-2,-2.0,0,-2
16760/jimmy-garoppolo,Sun 11/7,vsARI,L31-17,28,40,326,70.0,8.2,2,1,32,5,100.6,66.6,1,3,3.0,0,3
16760/jimmy-garoppolo,Sun 10/31,@CHI,W33-22,17,28,322,60.7,11.5,0,0,83,0,100.6,85.2,5,4,0.8,2,5
16760/jimmy-garoppolo,Sun 10/24,vsIND,L30-18,16,27,181,59.3,6.7,1,2,29,2,60.9,7.6,2,0,0.0,0,1
16760/jimmy-garoppolo,Sun 10/3,vsSEA,L28-21,14,23,165,60.9,7.2,1,1,26,1,79.1,27.5,0,0,0.0,0,0
16760/jimmy-garoppolo,Sun 9/26,vsGB,L30-28,25,40,257,62.5,6.4,2,1,39,4,87.2,49.9,1,4,4.0,0,4
16760/jimmy-garoppolo,Sun 9/19,@PHI,W17-11,22,30,189,73.3,6.3,1,0,40,0,100.6,47.3,11,20,1.8,1,7
16760/jimmy-garoppolo,Sun 9/12,@DET,W41-33,17,25,314,68.0,12.6,1,0,79,1,124.2,67.3,3,2,0.7,0,3
4242546/davis-mills,Sun 10/31,vsLAR,L38-22,29,38,310,76.3,8.2,2,1,45,5,106.3,12.2,0,0,0.0,0,0
4242546/davis-mills,Sun 10/24,@ARI,L31-5,23,32,135,71.9,4.2,0,0,22,2,79.6,24.2,0,0,0.0,0,0
4242546/davis-mills,Sun 10/17,@IND,L31-3,29,43,243,67.4,5.7,0,2,20,2,62.5,25.2,2,5,2.5,0,3
4242546/davis-mills,Sun 10/10,vsNE,L25-22,21,29,312,72.4,10.8,3,0,67,3,141.7,85.3,1,2,2.0,0,2
4242546/davis-mills,Sun 10/3,@BUF,L40-0,11,21,87,52.4,4.1,0,4,16,3,23.4,0.7,1,2,2.0,0,2
4242546/davis-mills,Thu 9/23,vsCAR,L24-9,19,28,168,67.9,6.0,1,0,30,4,95.5,55.7,1,0,0.0,0,0
4242546/davis-mills,Sun 9/19,@CLE,L31-21,8,18,102,44.4,5.7,1,1,35,1,58.1,14.8,2,-1,-0.5,0,2
2578570/jacoby-brissett,Thu 11/11,vsBAL,W22-10,11,23,156,47.8,6.8,0,0,52,2,70.2,14.4,1,4,4.0,0,4
2578570/jacoby-brissett,Sun 11/7,vsHOU,W17-9,26,43,244,60.5,5.7,1,2,21,4,64.5,48.6,1,7,7.0,0,7
2578570/jacoby-brissett,Sun 10/17,vsJAX,L23-20,1,1,25,100.0,25.0,0,0,25,0,118.8,100.0,0,0,0.0,0,0
2578570/jacoby-brissett,Sun 10/10,@TB,L45-17,27,39,275,69.2,7.1,2,1,34,3,95.6,59.0,0,0,0.0,0,0
2578570/jacoby-brissett,Sun 10/3,vsIND,L27-17,20,30,199,66.7,6.6,2,0,42,3,107.5,49.9,3,8,2.7,0,6
2578570/jacoby-brissett,Sun 9/26,@LV,L31-28 OT,32,49,215,65.3,4.4,0,0,27,2,74.8,66.2,7,37,5.3,1,19
2578570/jacoby-brissett,Sun 9/19,vsBUF,L35-0,24,40,169,60.0,4.2,0,1,18,4,59.3,39.7,4,8,2.0,0,6
2578570/jacoby-brissett,Sun 9/12,@NE,W17-16,0,0,0,0.0,0.0,0,0,0,0,0.0,28.6,2,4,2.0,0,2
4362887/justin-fields,Mon 11/8,@PIT,L29-27,17,29,291,58.6,10.0,1,1,50,3,89.9,54.2,8,45,5.6,0,8
4362887/justin-fields,Sun 10/31,vsSF,L33-22,19,27,175,70.4,6.5,1,1,22,4,84.7,62.5,10,103,10.3,1,22
4362887/justin-fields,Sun 10/24,@TB,L38-3,22,32,184,68.8,5.8,0,3,22,4,44.3,1.6,8,38,4.8,0,16
4362887/justin-fields,Sun 10/17,vsGB,L24-14,16,27,174,59.3,6.4,1,1,21,4,75.2,40.9,6,43,7.2,0,16
4362887/justin-fields,Sun 10/10,@LV,W20-9,12,20,111,60.0,5.6,1,0,18,2,91.9,29.9,3,4,1.3,0,3
4362887/justin-fields,Sun 10/3,vsDET,W24-14,11,17,209,64.7,12.3,0,1,64,1,82.7,69.3,3,9,3.0,0,11
4362887/justin-fields,Sun 9/26,@CLE,L26-6,6,20,68,30.0,3.4,0,0,18,9,41.3,7.0,3,12,4.0,0,7
4362887/justin-fields,Sun 9/19,vsCIN,W20-17,6,13,60,46.2,4.6,0,1,21,2,27.7,4.5,10,31,3.1,0,10
4362887/justin-fields,Sun 9/12,@LAR,L34-14,2,2,10,100.0,5.0,0,0,9,0,87.5,81.7,1,3,3.0,1,3
4241479/tua-tagovailoa,Thu 11/11,vsBAL,W22-10,8,13,158,61.5,12.2,0,0,64,1,104.0,35.9,3,0,0.0,1,1
4241479/tua-tagovailoa,Sun 10/31,@BUF,L26-11,21,39,205,53.9,5.3,0,1,40,2,58.2,67.6,4,10,2.5,1,6
4241479/tua-tagovailoa,Sun 10/24,vsATL,L30-28,32,40,291,80.0,7.3,4,2,27,1,109.5,61.2,4,29,7.3,0,9
4241479/tua-tagovailoa,Sun 10/17,vsJAX,L23-20,33,47,329,70.2,7.0,2,1,32,0,95.1,63.4,3,22,7.3,0,8
4241479/tua-tagovailoa,Sun 9/19,vsBUF,L35-0,1,4,13,25.0,3.3,0,0,13,2,40.6,0.1,0,0,0.0,0,0
4241479/tua-tagovailoa,Sun 9/12,@NE,W17-16,16,27,202,59.3,7.5,1,1,36,2,79.6,48.4,4,1,0.3,1,3
14881/russell-wilson,Thu 10/7,vsLAR,L26-17,11,16,152,68.8,9.5,1,1,29,2,93.8,59.4,2,10,5.0,0,7
14881/russell-wilson,Sun 10/3,@SF,W28-21,16,23,149,69.6,6.5,2,0,28,3,116.0,61.4,4,26,6.5,1,16
14881/russell-wilson,Sun 9/26,@MIN,L30-17,23,32,298,71.9,9.3,1,0,39,2,111.2,51.8,3,7,2.3,0,4
14881/russell-wilson,Sun 9/19,vsTEN,L33-30 OT,22,31,343,71.0,11.1,2,0,68,3,128.8,60.0,3,16,5.3,0,12
14881/russell-wilson,Sun 9/12,@IND,W28-16,18,23,254,78.3,11.0,4,0,69,3,152.3,81.0,5,9,1.8,0,11
2969939/jameis-winston,Sun 10/31,vsTB,W36-27,6,10,56,60.0,5.6,1,0,18,0,108.8,94.5,4,40,10.0,0,20
2969939/jameis-winston,Mon 10/25,@SEA,W13-10,19,35,222,54.3,6.3,1,0,31,2,83.3,48.2,8,40,5.0,0,18
2969939/jameis-winston,Sun 10/10,@WSH,W33-22,15,30,279,50.0,9.3,4,1,72,2,108.2,48.7,6,26,4.3,0,12
2969939/jameis-winston,Sun 10/3,vsNYG,L27-21 OT,17,23,226,73.9,9.8,1,0,58,0,119.1,80.3,0,0,0.0,0,0
2969939/jameis-winston,Sun 9/26,@NE,W28-13,13,21,128,61.9,6.1,2,0,17,3,110.8,69.5,5,4,0.8,0,3
2969939/jameis-winston,Sun 9/19,@CAR,L26-7,11,22,111,50.0,5.0,0,2,27,4,26.9,20.5,3,19,6.3,1,12
2969939/jameis-winston,Sun 9/12,vsGB,W38-3,14,20,148,70.0,7.4,5,0,55,0,130.8,92.2,6,37,6.2,0,15
4361259/zach-wilson,Sun 10/24,@NE,L54-13,6,10,51,60.0,5.1,0,0,15,1,73.3,68.7,0,0,0.0,0,0
4361259/zach-wilson,Sun 10/10,vsATL,L27-20,19,32,192,59.4,6.0,0,1,27,2,63.5,18.4,1,3,3.0,0,3
4361259/zach-wilson,Sun 10/3,vsTEN,W27-24 OT,21,34,297,61.8,8.7,2,1,54,1,97.3,49.6,3,-2,-0.7,0,2
4361259/zach-wilson,Sun 9/26,@DEN,L26-0,19,35,160,54.3,4.6,0,2,23,5,42.6,16.3,1,2,2.0,0,2
4361259/zach-wilson,Sun 9/19,vsNE,L25-6,19,33,210,57.6,6.4,0,4,35,4,37.0,9.2,3,19,6.3,0,10
4361259/zach-wilson,Sun 9/12,@CAR,L19-14,20,37,258,54.1,7.0,2,1,40,6,82.9,35.4,0,0,0.0,0,0
15864/geno-smith,Sun 10/31,vsJAX,W31-7,20,24,195,83.3,8.1,2,0,28,3,128.3,85.2,2,8,4.0,1,7
15864/geno-smith,Mon 10/25,vsNO,L13-10,12,22,167,54.6,7.6,1,0,84,5,94.3,21.1,3,12,4.0,0,12
15864/geno-smith,Sun 10/17,@PIT,L23-20 OT,23,32,209,71.9,6.5,1,0,41,5,99.6,22.8,1,-1,-1.0,0,-1
15864/geno-smith,Thu 10/7,vsLAR,L26-17,10,17,131,58.8,7.7,1,1,23,0,78.3,59.3,3,23,7.7,0,12
3051381/mike-white,Sun 11/14,vsBUF,L45-17,24,44,251,54.6,5.7,0,4,28,1,33.4,-,0,0,0.0,0,0
3051381/mike-white,Thu 11/4,@IND,L45-30,7,11,95,63.6,8.6,1,0,26,0,121.4,90.5,0,0,0.0,0,0
3051381/mike-white,Sun 10/31,vsCIN,W34-31,37,45,405,82.2,9.0,3,2,26,2,107.9,53.1,5,-1,-0.2,0,2
3051381/mike-white,Sun 10/24,@NE,L54-13,20,32,202,62.5,6.3,1,2,22,1,64.8,54.4,0,0,0.0,0,0
14163/tyrod-taylor,Sun 11/7,@MIA,L17-9,24,43,240,55.8,5.6,0,3,39,5,42.8,13.9,3,23,7.7,0,10
14163/tyrod-taylor,Sun 9/19,@CLE,L31-21,10,11,125,90.9,11.4,1,0,32,0,144.3,96.6,1,15,15.0,1,15
14163/tyrod-taylor,Sun 9/12,vsJAX,W37-21,21,33,291,63.6,8.8,2,0,52,1,112.1,66.9,4,40,10.0,0,29
2511109/trevor-siemian,Sun 11/14,@TEN,L23-21,19,34,298,55.9,8.8,2,0,46,4,104.8,-,0,0,0.0,0,0
2511109/trevor-siemian,Sun 11/7,vsATL,L27-25,25,41,249,61.0,6.1,2,0,25,1,94.5,18.3,0,0,0.0,0,0
2511109/trevor-siemian,Sun 10/31,vsTB,W36-27,16,29,159,55.2,5.5,1,0,38,1,82.4,64.1,2,2,1.0,0,3
4383351/trey-lance,Sun 10/10,@ARI,L17-10,15,29,192,51.7,6.6,0,1,26,2,58.4,33.1,16,89,5.6,0,15
4383351/trey-lance,Sun 10/3,vsSEA,L28-21,9,18,157,50.0,8.7,2,0,76,1,117.1,39.9,7,41,5.9,0,13
4383351/trey-lance,Sun 9/26,vsGB,L30-28,0,0,0,0.0,0.0,0,0,0,0,0.0,100.0,1,1,1.0,1,1
4383351/trey-lance,Sun 9/12,@DET,W41-33,1,1,5,100.0,5.0,1,0,5,0,127.1,5.7,3,2,0.7,0,2
11394/josh-johnson,Thu 11/4,@IND,L45-30,27,41,317,65.9,7.7,3,1,26,2,103.4,20.3,4,18,4.5,0,11
11394/josh-johnson,Sun 10/31,vsCIN,W34-31,2,4,17,50.0,4.3,0,0,9,0,61.5,12.1,0,0,0.0,0,0
2972515/cooper-rush,Sun 11/14,vsATL,W43-3,3,3,17,100.0,5.7,0,0,9,0,90.3,-,3,-6,-2.0,0,-2
2972515/cooper-rush,Sun 10/31,@MIN,W20-16,24,40,325,60.0,8.1,2,1,73,3,92.2,43.9,1,2,2.0,0,2
14012/andy-dalton,Sun 10/10,@LV,W20-9,1,1,8,100.0,8.0,0,0,8,0,100.0,100.0,0,0,0.0,0,0
14012/andy-dalton,Sun 9/19,vsCIN,W20-17,9,11,56,81.8,5.1,1,0,17,1,118.2,81.3,2,25,12.5,0,14
14012/andy-dalton,Sun 9/12,@LAR,L34-14,27,38,206,71.1,5.4,0,1,19,3,72.9,40.1,2,13,6.5,0,9
4036378/jordan-love,Sun 11/7,@KC,L13-7,19,34,190,55.9,5.6,1,1,35,1,69.5,27.2,5,23,4.6,0,8
4036378/jordan-love,Mon 9/20,vsDET,W35-17,0,0,0,0.0,0.0,0,0,0,0,0.0,-,3,-3,-1.0,0,-1
4036378/jordan-love,Sun 9/12,@NO,L38-3,5,7,68,71.4,9.7,0,0,32,1,102.1,32.1,0,0,0.0,0,0
13199/colt-mccoy,Sun 11/7,@SF,W31-17,22,26,249,84.6,9.6,1,0,50,2,119.4,63.6,7,23,3.3,0,8
13199/colt-mccoy,Sun 10/24,vsHOU,W31-5,0,0,0,0.0,0.0,0,0,0,0,0.0,-,2,-1,-0.5,0,0
13199/colt-mccoy,Sun 10/17,@CLE,W37-14,0,0,0,0.0,0.0,0,0,0,0,0.0,-,3,-3,-1.0,0,-1
13199/colt-mccoy,Sun 10/3,@LAR,W37-20,0,0,0,0.0,0.0,0,0,0,0,0.0,-,2,-2,-1.0,0,-1
15168/case-keenum,Sun 11/14,@NE,L45-7,8,12,81,66.7,6.8,0,0,18,3,85.8,-,0,0,0.0,0,0
15168/case-keenum,Thu 10/21,vsDEN,W17-14,21,33,199,63.6,6.0,1,0,34,1,90.3,50.0,4,7,1.8,0,5
15168/case-keenum,Sun 10/17,vsARI,L37-14,1,3,6,33.3,2.0,0,0,6,0,42.4,3.2,0,0,0.0,0,0
15168/case-keenum,Sun 9/26,vsCHI,W26-6,0,0,0,0.0,0.0,0,0,0,0,0.0,39.7,3,0,0.0,0,2
15837/mike-glennon,Sun 10/10,@DAL,L44-20,16,25,196,64.0,7.8,1,2,35,0,68.1,30.4,2,2,1.0,0,2
3924327/drew-lock,Sun 10/3,vsBAL,L23-7,12,21,113,57.1,5.4,0,1,32,3,52.3,5.8,0,0,0.0,0,0
11291/chad-henne,Sun 10/24,@TEN,L27-3,11,16,82,68.8,5.1,0,0,17,0,80.7,68.2,1,4,4.0,0,4
12477/brian-hoyer,Sun 11/14,vsCLE,W45-7,3,3,85,100.0,28.3,1,0,48,0,158.3,-,2,-2,-1.0,0,-1
12477/brian-hoyer,Sun 11/7,@CAR,W24-6,0,0,0,0.0,0.0,0,0,0,0,0.0,-,3,-3,-1.0,0,-1
12477/brian-hoyer,Sun 10/24,vsNYJ,W54-13,3,4,79,75.0,19.8,0,0,29,0,116.7,98.5,3,-3,-1.0,0,-1
4036335/cedrick-wilson,Sun 11/7,vsDEN,L30-16,2,5,28,14.0,0,24,0,0,0.0,0,0,1,0,-,-
4036335/cedrick-wilson,Sun 10/31,@MIN,W20-16,3,3,84,28.0,1,73,0,0,0.0,0,0,0,0,-,-
4036335/cedrick-wilson,Sun 10/17,@NE,W35-29 OT,4,7,42,10.5,0,13,0,0,0.0,0,0,1,0,0,0
4036335/cedrick-wilson,Sun 10/10,vsNYG,W44-20,1,1,35,35.0,0,35,1,6,6.0,6,0,0,0,-,-
4036335/cedrick-wilson,Sun 10/3,vsCAR,W36-28,2,2,30,15.0,1,23,0,0,0.0,0,0,0,0,-,-
4036335/cedrick-wilson,Mon 9/27,vsPHI,W41-21,2,4,17,8.5,1,15,0,0,0.0,0,0,0,0,-,-
4036335/cedrick-wilson,Sun 9/19,@LAC,W20-17,2,2,20,10.0,0,16,1,5,5.0,5,0,0,0,-,-
4036335/cedrick-wilson,Thu 9/9,@TB,L31-29,3,3,24,8.0,0,13,0,0,0.0,0,0,0,0,0,0
13987/blaine-gabbert,Sun 10/24,vsCHI,W38-3,2,3,15,66.7,5.0,0,0,15,0,78.5,22.4,0,0,0.0,0,0
13987/blaine-gabbert,Sun 10/10,vsMIA,W45-17,3,3,41,100.0,13.7,0,0,23,0,118.8,94.4,3,-1,-0.3,0,0
13987/blaine-gabbert,Sun 9/19,vsATL,W48-25,0,0,0,0.0,0.0,0,0,0,0,0.0,-,3,-3,-1.0,0,-1
